Entity,Code,Year,IIASA rates of no education projections (IIASA (2015))
Argentina,ARG,1970,0.099872584
Argentina,ARG,1975,0.085500987
Argentina,ARG,1980,0.073567607
Argentina,ARG,1985,0.062459837
Argentina,ARG,1990,0.052273583
Argentina,ARG,1995,0.043009109
Argentina,ARG,2000,0.035656642
Argentina,ARG,2005,0.029318724
Argentina,ARG,2010,0.023895133
Argentina,ARG,2015,0.019411247
Argentina,ARG,2020,0.015755136
Argentina,ARG,2025,0.012702461
Argentina,ARG,2030,0.010175081
Argentina,ARG,2035,0.008086346
Argentina,ARG,2040,0.006354942
Argentina,ARG,2045,0.004918089
Argentina,ARG,2050,0.003729542
Armenia,ARM,1970,0.02013421
Armenia,ARM,1975,0.014189627
Armenia,ARM,1980,0.010302364
Armenia,ARM,1985,0.007961606
Armenia,ARM,1990,0.006059944
Armenia,ARM,1995,0.004990827
Armenia,ARM,2000,0.004021982
Armenia,ARM,2005,0.003109631
Armenia,ARM,2010,0.002401548
Armenia,ARM,2015,0.001894283
Armenia,ARM,2020,0.001520052
Armenia,ARM,2025,0.001228926
Armenia,ARM,2030,0.001012352
Armenia,ARM,2035,0.000852199
Armenia,ARM,2040,0.000727514
Armenia,ARM,2045,0.000620068
Armenia,ARM,2050,0.000518293
Austria,AUT,1970,7.57e-7
Austria,AUT,1975,3.48e-7
Austria,AUT,1980,1.42e-7
Austria,AUT,1985,4.36e-8
Austria,AUT,1990,9.95e-9
Austria,AUT,1995,5.73e-10
Austria,AUT,2000,0.006170687
Austria,AUT,2005,0.004185122
Austria,AUT,2010,0.002793969
Austria,AUT,2015,0.001844709
Austria,AUT,2020,0.001206775
Austria,AUT,2025,0.000782566
Austria,AUT,2030,0.00049989
Austria,AUT,2035,0.000309357
Austria,AUT,2040,0.000180506
Austria,AUT,2045,0.0000955
Austria,AUT,2050,0.0000437
Bahamas,BHS,1970,0.030267482
Bahamas,BHS,1975,0.027656406
Bahamas,BHS,1980,0.024146183
Bahamas,BHS,1985,0.021047577
Bahamas,BHS,1990,0.018286184
Bahamas,BHS,1995,0.015894159
Bahamas,BHS,2000,0.013358694
Bahamas,BHS,2005,0.012325334
Bahamas,BHS,2010,0.010980834
Bahamas,BHS,2015,0.009551853
Bahamas,BHS,2020,0.008195879
Bahamas,BHS,2025,0.006849742
Bahamas,BHS,2030,0.005552775
Bahamas,BHS,2035,0.004376047
Bahamas,BHS,2040,0.003319779
Bahamas,BHS,2045,0.002396787
Bahamas,BHS,2050,0.001626754
Bahrain,BHR,1970,0.516718583
Bahrain,BHR,1975,0.384264341
Bahrain,BHR,1980,0.286440032
Bahrain,BHR,1985,0.226162726
Bahrain,BHR,1990,0.163513566
Bahrain,BHR,1995,0.121754809
Bahrain,BHR,2000,0.091551098
Bahrain,BHR,2005,0.072470465
Bahrain,BHR,2010,0.055713757
Bahrain,BHR,2015,0.042728857
Bahrain,BHR,2020,0.032436953
Bahrain,BHR,2025,0.024331208
Bahrain,BHR,2030,0.01800539
Bahrain,BHR,2035,0.013084423
Bahrain,BHR,2040,0.009238878
Bahrain,BHR,2045,0.006257046
Bahrain,BHR,2050,0.004020321
Bangladesh,BGD,1970,0.643926533
Bangladesh,BGD,1975,0.609529577
Bangladesh,BGD,1980,0.579074567
Bangladesh,BGD,1985,0.548752768
Bangladesh,BGD,1990,0.512244593
Bangladesh,BGD,1995,0.459616663
Bangladesh,BGD,2000,0.403400985
Bangladesh,BGD,2005,0.354870537
Bangladesh,BGD,2010,0.311330398
Bangladesh,BGD,2015,0.273454255
Bangladesh,BGD,2020,0.238504293
Bangladesh,BGD,2025,0.207503315
Bangladesh,BGD,2030,0.179092524
Bangladesh,BGD,2035,0.153161075
Bangladesh,BGD,2040,0.129639972
Bangladesh,BGD,2045,0.108512217
Bangladesh,BGD,2050,0.089732114
Belgium,BEL,1970,0.00000118
Belgium,BEL,1975,6.86e-7
Belgium,BEL,1980,3.46e-7
Belgium,BEL,1985,1.63e-7
Belgium,BEL,1990,6.43e-8
Belgium,BEL,1995,9.23e-9
Belgium,BEL,2000,1.05e-9
Belize,BLZ,1970,0.224446518
Belize,BLZ,1975,0.187639049
Belize,BLZ,1980,0.159846521
Belize,BLZ,1985,0.132493649
Belize,BLZ,1990,0.107064024
Belize,BLZ,1995,0.084218196
Belize,BLZ,2000,0.066813638
Belize,BLZ,2005,0.053689204
Belize,BLZ,2010,0.04306721
Belize,BLZ,2015,0.034616531
Belize,BLZ,2020,0.027932146
Belize,BLZ,2025,0.02264446
Belize,BLZ,2030,0.018338525
Belize,BLZ,2035,0.014734785
Belize,BLZ,2040,0.011690218
Belize,BLZ,2045,0.00911767
Belize,BLZ,2050,0.006957927
Benin,BEN,1970,0.829841612
Benin,BEN,1975,0.790051188
Benin,BEN,1980,0.748424127
Benin,BEN,1985,0.699254774
Benin,BEN,1990,0.659624993
Benin,BEN,1995,0.618356392
Benin,BEN,2000,0.565545763
Benin,BEN,2005,0.508444369
Benin,BEN,2010,0.457724736
Benin,BEN,2015,0.411663975
Benin,BEN,2020,0.367801585
Benin,BEN,2025,0.32644608
Benin,BEN,2030,0.288530193
Benin,BEN,2035,0.254400487
Benin,BEN,2040,0.223885
Benin,BEN,2045,0.196473821
Benin,BEN,2050,0.171675726
Bolivia,BOL,1970,0.397367713
Bolivia,BOL,1975,0.336907874
Bolivia,BOL,1980,0.280179041
Bolivia,BOL,1985,0.230917381
Bolivia,BOL,1990,0.187694388
Bolivia,BOL,1995,0.151271809
Bolivia,BOL,2000,0.120192095
Bolivia,BOL,2005,0.094087728
Bolivia,BOL,2010,0.072351696
Bolivia,BOL,2015,0.055371166
Bolivia,BOL,2020,0.04206225
Bolivia,BOL,2025,0.031854122
Bolivia,BOL,2030,0.02404247
Bolivia,BOL,2035,0.018085261
Bolivia,BOL,2040,0.01353807
Bolivia,BOL,2045,0.010064987
Bolivia,BOL,2050,0.007413341
Brazil,BRA,1970,0.328603064
Brazil,BRA,1975,0.280687875
Brazil,BRA,1980,0.236822752
Brazil,BRA,1985,0.200295025
Brazil,BRA,1990,0.169918968
Brazil,BRA,1995,0.142084891
Brazil,BRA,2000,0.118251608
Brazil,BRA,2005,0.099127294
Brazil,BRA,2010,0.083287854
Brazil,BRA,2015,0.069335171
Brazil,BRA,2020,0.057204806
Brazil,BRA,2025,0.046890463
Brazil,BRA,2030,0.038225455
Brazil,BRA,2035,0.030921289
Brazil,BRA,2040,0.024732781
Brazil,BRA,2045,0.019495833
Brazil,BRA,2050,0.01509016
Bulgaria,BGR,1970,0.078551956
Bulgaria,BGR,1975,0.059025806
Bulgaria,BGR,1980,0.044214221
Bulgaria,BGR,1985,0.033040993
Bulgaria,BGR,1990,0.025651638
Bulgaria,BGR,1995,0.020783766
Bulgaria,BGR,2000,0.017925642
Bulgaria,BGR,2005,0.015868184
Bulgaria,BGR,2010,0.01419577
Bulgaria,BGR,2015,0.012799392
Bulgaria,BGR,2020,0.011578585
Bulgaria,BGR,2025,0.010538282
Bulgaria,BGR,2030,0.00971336
Bulgaria,BGR,2035,0.009048928
Bulgaria,BGR,2040,0.008451158
Bulgaria,BGR,2045,0.007826218
Bulgaria,BGR,2050,0.007105884
Burkina Faso,BFA,1970,0.946189547
Burkina Faso,BFA,1975,0.931724235
Burkina Faso,BFA,1980,0.909764847
Burkina Faso,BFA,1985,0.880228402
Burkina Faso,BFA,1990,0.845429682
Burkina Faso,BFA,1995,0.805149007
Burkina Faso,BFA,2000,0.76258266
Burkina Faso,BFA,2005,0.717411811
Burkina Faso,BFA,2010,0.670978404
Burkina Faso,BFA,2015,0.622465851
Burkina Faso,BFA,2020,0.572927013
Burkina Faso,BFA,2025,0.523721325
Burkina Faso,BFA,2030,0.476631607
Burkina Faso,BFA,2035,0.432170339
Burkina Faso,BFA,2040,0.390595384
Burkina Faso,BFA,2045,0.35196539
Burkina Faso,BFA,2050,0.316128173
Cambodia,KHM,1970,0.544531737
Cambodia,KHM,1975,0.481204871
Cambodia,KHM,1980,0.450717023
Cambodia,KHM,1985,0.394276279
Cambodia,KHM,1990,0.346971558
Cambodia,KHM,1995,0.314413019
Cambodia,KHM,2000,0.270035293
Cambodia,KHM,2005,0.232611304
Cambodia,KHM,2010,0.199879706
Cambodia,KHM,2015,0.173998002
Cambodia,KHM,2020,0.151954731
Cambodia,KHM,2025,0.131893367
Cambodia,KHM,2030,0.113603481
Cambodia,KHM,2035,0.097419205
Cambodia,KHM,2040,0.083380354
Cambodia,KHM,2045,0.071210517
Cambodia,KHM,2050,0.06043317
Cameroon,CMR,1970,0.618579227
Cameroon,CMR,1975,0.547421494
Cameroon,CMR,1980,0.480479354
Cameroon,CMR,1985,0.41607865
Cameroon,CMR,1990,0.358532332
Cameroon,CMR,1995,0.304626142
Cameroon,CMR,2000,0.253342626
Cameroon,CMR,2005,0.209020697
Cameroon,CMR,2010,0.171116578
Cameroon,CMR,2015,0.140079038
Cameroon,CMR,2020,0.113566648
Cameroon,CMR,2025,0.092301146
Cameroon,CMR,2030,0.07525517
Cameroon,CMR,2035,0.061502775
Cameroon,CMR,2040,0.050236461
Cameroon,CMR,2045,0.04085827
Cameroon,CMR,2050,0.032984196
Canada,CAN,1970,0.02400129
Canada,CAN,1975,0.020091046
Canada,CAN,1980,0.016449593
Canada,CAN,1985,0.013496501
Canada,CAN,1990,0.010895644
Canada,CAN,1995,0.008472026
Canada,CAN,2000,0.006486386
Canada,CAN,2005,0.004903165
Canada,CAN,2010,0.00369564
Canada,CAN,2015,0.002798925
Canada,CAN,2020,0.002113434
Canada,CAN,2025,0.001579856
Canada,CAN,2030,0.001158735
Canada,CAN,2035,0.000824971
Canada,CAN,2040,0.00056247
Canada,CAN,2045,0.000361705
Canada,CAN,2050,0.000215852
Central African Republic,CAF,1970,0.785433913
Central African Republic,CAF,1975,0.723036908
Central African Republic,CAF,1980,0.65306626
Central African Republic,CAF,1985,0.588073868
Central African Republic,CAF,1990,0.526371358
Central African Republic,CAF,1995,0.467130291
Central African Republic,CAF,2000,0.412802473
Central African Republic,CAF,2005,0.359768759
Central African Republic,CAF,2010,0.308968491
Central African Republic,CAF,2015,0.264067446
Central African Republic,CAF,2020,0.225264944
Central African Republic,CAF,2025,0.191514459
Central African Republic,CAF,2030,0.162306611
Central African Republic,CAF,2035,0.137509655
Central African Republic,CAF,2040,0.116542891
Central African Republic,CAF,2045,0.098687426
Central African Republic,CAF,2050,0.083314605
Chad,TCD,1970,0.902826194
Chad,TCD,1975,0.865388077
Chad,TCD,1980,0.83091846
Chad,TCD,1985,0.790784208
Chad,TCD,1990,0.741191317
Chad,TCD,1995,0.691406286
Chad,TCD,2000,0.640281895
Chad,TCD,2005,0.581945656
Chad,TCD,2010,0.529414769
Chad,TCD,2015,0.477128445
Chad,TCD,2020,0.426553236
Chad,TCD,2025,0.379423655
Chad,TCD,2030,0.335943469
Chad,TCD,2035,0.296176617
Chad,TCD,2040,0.260268832
Chad,TCD,2045,0.228207727
Chad,TCD,2050,0.199732832
Chile,CHL,1970,0.12318066
Chile,CHL,1975,0.101869162
Chile,CHL,1980,0.084111742
Chile,CHL,1985,0.069981381
Chile,CHL,1990,0.058207726
Chile,CHL,1995,0.048337905
Chile,CHL,2000,0.040132224
Chile,CHL,2005,0.033347799
Chile,CHL,2010,0.027385551
Chile,CHL,2015,0.022505922
Chile,CHL,2020,0.018421282
Chile,CHL,2025,0.014928018
Chile,CHL,2030,0.011982442
Chile,CHL,2035,0.009538408
Chile,CHL,2040,0.007512168
Chile,CHL,2045,0.00583116
Chile,CHL,2050,0.004423989
China,CHN,1970,0.407423762
China,CHN,1975,0.339346393
China,CHN,1980,0.272937507
China,CHN,1985,0.214882773
China,CHN,1990,0.171681793
China,CHN,1995,0.140276744
China,CHN,2000,0.113575003
China,CHN,2005,0.089755719
China,CHN,2010,0.070553413
China,CHN,2015,0.054916837
China,CHN,2020,0.042889335
China,CHN,2025,0.03317853
China,CHN,2030,0.025463119
China,CHN,2035,0.019411845
China,CHN,2040,0.01468448
China,CHN,2045,0.010999632
China,CHN,2050,0.008107788
Colombia,COL,1970,0.228157864
Colombia,COL,1975,0.189989533
Colombia,COL,1980,0.156124583
Colombia,COL,1985,0.128141218
Colombia,COL,1990,0.105854412
Colombia,COL,1995,0.087160517
Colombia,COL,2000,0.071809084
Colombia,COL,2005,0.058955684
Colombia,COL,2010,0.04809201
Colombia,COL,2015,0.039159933
Colombia,COL,2020,0.031797911
Colombia,COL,2025,0.025753985
Colombia,COL,2030,0.020671576
Colombia,COL,2035,0.016368833
Colombia,COL,2040,0.012756346
Colombia,COL,2045,0.0097552
Colombia,COL,2050,0.007302307
Comoros,COM,1970,0.902190049
Comoros,COM,1975,0.86214564
Comoros,COM,1980,0.790152654
Comoros,COM,1985,0.696223161
Comoros,COM,1990,0.60399552
Comoros,COM,1995,0.521063051
Comoros,COM,2000,0.446281818
Comoros,COM,2005,0.385078095
Comoros,COM,2015,0.282543822
Comoros,COM,2020,0.239457786
Comoros,COM,2025,0.202500772
Comoros,COM,2030,0.171109669
Comoros,COM,2035,0.144420336
Comoros,COM,2040,0.121580969
Comoros,COM,2045,0.10199346
Comoros,COM,2050,0.085345069
Costa Rica,CRI,1970,0.16396032
Costa Rica,CRI,1975,0.133276284
Costa Rica,CRI,1980,0.108064863
Costa Rica,CRI,1985,0.089730525
Costa Rica,CRI,1990,0.07678109
Costa Rica,CRI,1995,0.065036912
Costa Rica,CRI,2000,0.05434021
Costa Rica,CRI,2005,0.047430605
Costa Rica,CRI,2010,0.040339435
Costa Rica,CRI,2015,0.034316256
Costa Rica,CRI,2020,0.029094391
Costa Rica,CRI,2025,0.02453721
Costa Rica,CRI,2030,0.020657186
Costa Rica,CRI,2035,0.017368901
Costa Rica,CRI,2040,0.014540787
Costa Rica,CRI,2045,0.012079726
Costa Rica,CRI,2050,0.009889041
Cote d'Ivoire,CIV,1970,0.875413246
Cote d'Ivoire,CIV,1975,0.819557436
Cote d'Ivoire,CIV,1980,0.763623933
Cote d'Ivoire,CIV,1985,0.717736653
Cote d'Ivoire,CIV,1990,0.65703426
Cote d'Ivoire,CIV,1995,0.601508251
Cote d'Ivoire,CIV,2000,0.5529553
Cote d'Ivoire,CIV,2005,0.506310088
Cote d'Ivoire,CIV,2010,0.459611858
Cote d'Ivoire,CIV,2015,0.414863159
Cote d'Ivoire,CIV,2020,0.372841745
Cote d'Ivoire,CIV,2025,0.333932732
Cote d'Ivoire,CIV,2030,0.298247258
Cote d'Ivoire,CIV,2035,0.265992992
Cote d'Ivoire,CIV,2040,0.23698556
Cote d'Ivoire,CIV,2045,0.210742264
Cote d'Ivoire,CIV,2050,0.186779986
Croatia,HRV,1970,0.12814494
Croatia,HRV,1975,0.101983386
Croatia,HRV,1980,0.080556312
Croatia,HRV,1985,0.062201245
Croatia,HRV,1990,0.047437574
Croatia,HRV,1995,0.03647732
Croatia,HRV,2000,0.028062175
Croatia,HRV,2005,0.021792199
Croatia,HRV,2010,0.016438887
Croatia,HRV,2015,0.012080573
Croatia,HRV,2020,0.0086879
Croatia,HRV,2025,0.006166557
Croatia,HRV,2030,0.004429779
Croatia,HRV,2035,0.00328769
Croatia,HRV,2040,0.002530345
Croatia,HRV,2045,0.001988185
Croatia,HRV,2050,0.001561483
Cuba,CUB,1970,0.057089355
Cuba,CUB,1975,0.040807054
Cuba,CUB,1980,0.027515805
Cuba,CUB,1985,0.018215852
Cuba,CUB,1990,0.011880185
Cuba,CUB,1995,0.007276429
Cuba,CUB,2000,0.004822124
Cuba,CUB,2005,0.003009537
Cuba,CUB,2010,0.001871634
Cuba,CUB,2015,0.001194826
Cuba,CUB,2020,0.000797529
Cuba,CUB,2025,0.000560285
Cuba,CUB,2030,0.000410551
Cuba,CUB,2035,0.000309585
Cuba,CUB,2040,0.000238192
Cuba,CUB,2045,0.000186128
Cuba,CUB,2050,0.000144821
Cyprus,CYP,1970,0.144163232
Cyprus,CYP,1975,0.10298843
Cyprus,CYP,1980,0.078676709
Cyprus,CYP,1985,0.06019426
Cyprus,CYP,1990,0.045399852
Cyprus,CYP,1995,0.030388285
Cyprus,CYP,2000,0.020606339
Cyprus,CYP,2005,0.013793713
Cyprus,CYP,2010,0.009035426
Cyprus,CYP,2015,0.006033776
Cyprus,CYP,2020,0.004113854
Cyprus,CYP,2025,0.002863368
Cyprus,CYP,2030,0.002049479
Cyprus,CYP,2035,0.001510499
Cyprus,CYP,2040,0.001138994
Cyprus,CYP,2045,0.000862519
Cyprus,CYP,2050,0.000640438
Czech Republic,CZE,1970,0.007304765
Czech Republic,CZE,1975,0.006757676
Czech Republic,CZE,1980,0.006228686
Czech Republic,CZE,1985,0.005740575
Czech Republic,CZE,1990,0.005279609
Czech Republic,CZE,1995,0.004906257
Czech Republic,CZE,2000,0.004445785
Czech Republic,CZE,2005,0.003977665
Czech Republic,CZE,2010,0.003547849
Czech Republic,CZE,2015,0.003199418
Czech Republic,CZE,2020,0.002864646
Czech Republic,CZE,2025,0.002533219
Czech Republic,CZE,2030,0.002220772
Czech Republic,CZE,2035,0.001920792
Czech Republic,CZE,2040,0.001629893
Czech Republic,CZE,2045,0.001346971
Czech Republic,CZE,2050,0.001072553
Denmark,DNK,1970,0.0000012
Denmark,DNK,1975,7.31e-7
Denmark,DNK,1980,3.96e-7
Denmark,DNK,1985,1.94e-7
Denmark,DNK,1990,7.81e-8
Denmark,DNK,1995,1.08e-8
Denmark,DNK,2000,1.91e-9
Dominican Republic,DOM,1970,0.027666277
Dominican Republic,DOM,1975,0.02548872
Dominican Republic,DOM,1980,0.022815047
Dominican Republic,DOM,1985,0.02037867
Dominican Republic,DOM,1990,0.018144361
Dominican Republic,DOM,1995,0.015992539
Dominican Republic,DOM,2000,0.013845333
Dominican Republic,DOM,2005,0.011852166
Dominican Republic,DOM,2010,0.009982086
Dominican Republic,DOM,2015,0.008318402
Dominican Republic,DOM,2020,0.00687266
Dominican Republic,DOM,2025,0.005636154
Dominican Republic,DOM,2030,0.004576251
Dominican Republic,DOM,2035,0.003664193
Dominican Republic,DOM,2040,0.00288288
Dominican Republic,DOM,2045,0.002219055
Dominican Republic,DOM,2050,0.001658288
Ecuador,ECU,1970,0.232023471
Ecuador,ECU,1975,0.199290591
Ecuador,ECU,1980,0.168267465
Ecuador,ECU,1985,0.140524042
Ecuador,ECU,1990,0.117389488
Ecuador,ECU,1995,0.098301485
Ecuador,ECU,2000,0.083905532
Ecuador,ECU,2005,0.072008624
Ecuador,ECU,2010,0.061092493
Ecuador,ECU,2015,0.050722785
Ecuador,ECU,2020,0.041807523
Ecuador,ECU,2025,0.034251732
Ecuador,ECU,2030,0.027823033
Ecuador,ECU,2035,0.022387807
Ecuador,ECU,2040,0.017857647
Ecuador,ECU,2045,0.014113042
Ecuador,ECU,2050,0.011051812
Egypt,EGY,1970,0.676210623
Egypt,EGY,1975,0.612823599
Egypt,EGY,1980,0.560675335
Egypt,EGY,1985,0.502114326
Egypt,EGY,1990,0.443442328
Egypt,EGY,1995,0.380817248
Egypt,EGY,2000,0.32560332
Egypt,EGY,2005,0.278471454
Egypt,EGY,2010,0.239760694
Egypt,EGY,2015,0.205520362
Egypt,EGY,2020,0.175107099
Egypt,EGY,2025,0.148218107
Egypt,EGY,2030,0.124680923
Egypt,EGY,2035,0.104297522
Egypt,EGY,2040,0.086578596
Egypt,EGY,2045,0.07121319
Egypt,EGY,2050,0.057994285
Eritrea,ERI,1970,0.82014966
Eritrea,ERI,1975,0.784366814
Eritrea,ERI,1980,0.760674027
Eritrea,ERI,1985,0.705104344
Eritrea,ERI,1990,0.612561119
Eritrea,ERI,1995,0.528279754
Eritrea,ERI,2000,0.436803388
Eritrea,ERI,2005,0.350897793
Eritrea,ERI,2010,0.293779654
Eritrea,ERI,2015,0.245730425
Eritrea,ERI,2020,0.203504482
Eritrea,ERI,2025,0.167004523
Eritrea,ERI,2030,0.137366426
Eritrea,ERI,2035,0.113609394
Eritrea,ERI,2040,0.094164002
Eritrea,ERI,2045,0.077698708
Eritrea,ERI,2050,0.063455659
Estonia,EST,1970,0.027675261
Estonia,EST,1975,0.020990929
Estonia,EST,1980,0.016156049
Estonia,EST,1985,0.012608734
Estonia,EST,1990,0.009822068
Estonia,EST,1995,0.007930613
Estonia,EST,2000,0.006883587
Estonia,EST,2005,0.005912746
Estonia,EST,2010,0.005091641
Estonia,EST,2015,0.004447839
Estonia,EST,2020,0.003929412
Estonia,EST,2025,0.003510923
Estonia,EST,2030,0.003195756
Estonia,EST,2035,0.002947681
Estonia,EST,2040,0.002729047
Estonia,EST,2045,0.002506208
Estonia,EST,2050,0.002249101
Ethiopia,ETH,1970,0.955314945
Ethiopia,ETH,1975,0.941763978
Ethiopia,ETH,1980,0.917563435
Ethiopia,ETH,1985,0.889813647
Ethiopia,ETH,1990,0.852233347
Ethiopia,ETH,1995,0.813740208
Ethiopia,ETH,2000,0.788883432
Ethiopia,ETH,2005,0.759882572
Ethiopia,ETH,2010,0.726220024
Ethiopia,ETH,2015,0.689060304
Ethiopia,ETH,2020,0.648937413
Ethiopia,ETH,2025,0.606350273
Ethiopia,ETH,2030,0.562808178
Ethiopia,ETH,2035,0.519861458
Ethiopia,ETH,2040,0.478555091
Ethiopia,ETH,2045,0.439211989
Ethiopia,ETH,2050,0.401670285
Finland,FIN,1970,7.03e-7
Finland,FIN,1975,3.88e-7
Finland,FIN,1980,2.09e-7
Finland,FIN,1985,1.02e-7
Finland,FIN,1990,3.76e-8
Finland,FIN,1995,5.06e-9
Finland,FIN,2000,4.25e-10
France,FRA,1970,0.011099406
France,FRA,1975,0.011354052
France,FRA,1980,0.011301007
France,FRA,1985,0.010978479
France,FRA,1990,0.01057192
France,FRA,1995,0.010235766
France,FRA,2000,0.009768233
France,FRA,2005,0.009277737
France,FRA,2010,0.00856048
France,FRA,2015,0.007680546
France,FRA,2020,0.006662064
France,FRA,2025,0.005579965
France,FRA,2030,0.004537002
France,FRA,2035,0.003593003
France,FRA,2040,0.00277463
France,FRA,2045,0.002083147
France,FRA,2050,0.001508142
Gabon,GAB,1970,0.671005832
Gabon,GAB,1975,0.567592376
Gabon,GAB,1980,0.469941087
Gabon,GAB,1985,0.383536212
Gabon,GAB,1990,0.308871138
Gabon,GAB,1995,0.24540753
Gabon,GAB,2000,0.188250462
Gabon,GAB,2005,0.143058796
Gabon,GAB,2010,0.108056012
Gabon,GAB,2015,0.081401534
Gabon,GAB,2020,0.060902275
Gabon,GAB,2025,0.045173104
Gabon,GAB,2030,0.033373543
Gabon,GAB,2035,0.024702447
Gabon,GAB,2040,0.018405113
Gabon,GAB,2045,0.013715635
Gabon,GAB,2050,0.010076399
Germany,DEU,1970,0.00000131
Germany,DEU,1975,7.37e-7
Germany,DEU,1980,3.77e-7
Germany,DEU,1985,1.68e-7
Germany,DEU,1990,6.29e-8
Germany,DEU,1995,8.45e-9
Germany,DEU,2000,1.03e-9
Ghana,GHA,1970,0.624245514
Ghana,GHA,1975,0.557038757
Ghana,GHA,1980,0.506898114
Ghana,GHA,1985,0.455854441
Ghana,GHA,1990,0.406714655
Ghana,GHA,1995,0.35146128
Ghana,GHA,2000,0.297430282
Ghana,GHA,2005,0.25047515
Ghana,GHA,2010,0.210581129
Ghana,GHA,2015,0.177207024
Ghana,GHA,2020,0.148543225
Ghana,GHA,2025,0.124361469
Ghana,GHA,2030,0.103925744
Ghana,GHA,2035,0.086559649
Ghana,GHA,2040,0.071676514
Ghana,GHA,2045,0.058751817
Ghana,GHA,2050,0.047493642
Greece,GRC,1970,0.16016724
Greece,GRC,1975,0.13202249
Greece,GRC,1980,0.107243477
Greece,GRC,1985,0.084520193
Greece,GRC,1990,0.067235135
Greece,GRC,1995,0.051553063
Greece,GRC,2000,0.040349148
Greece,GRC,2005,0.033843869
Greece,GRC,2010,0.028598174
Greece,GRC,2015,0.023829274
Greece,GRC,2020,0.01959914
Greece,GRC,2025,0.015987215
Greece,GRC,2030,0.013175494
Greece,GRC,2035,0.01102448
Greece,GRC,2040,0.009323055
Greece,GRC,2045,0.007842877
Greece,GRC,2050,0.006416041
Guatemala,GTM,1970,0.542787448
Guatemala,GTM,1975,0.505693508
Guatemala,GTM,1980,0.467297745
Guatemala,GTM,1985,0.424286058
Guatemala,GTM,1990,0.382068329
Guatemala,GTM,1995,0.34198381
Guatemala,GTM,2000,0.302256642
Guatemala,GTM,2005,0.266387668
Guatemala,GTM,2010,0.231298267
Guatemala,GTM,2015,0.198836922
Guatemala,GTM,2020,0.169976964
Guatemala,GTM,2025,0.144966628
Guatemala,GTM,2030,0.123462492
Guatemala,GTM,2035,0.105086964
Guatemala,GTM,2040,0.089426102
Guatemala,GTM,2045,0.076062115
Guatemala,GTM,2050,0.06461861
Guinea,GIN,1970,0.932477055
Guinea,GIN,1975,0.899643712
Guinea,GIN,1980,0.87002591
Guinea,GIN,1985,0.833622087
Guinea,GIN,1990,0.805559932
Guinea,GIN,1995,0.767322508
Guinea,GIN,2000,0.721401902
Guinea,GIN,2005,0.67503433
Guinea,GIN,2010,0.627314161
Guinea,GIN,2015,0.578511079
Guinea,GIN,2020,0.529209099
Guinea,GIN,2025,0.481161556
Guinea,GIN,2030,0.435696689
Guinea,GIN,2035,0.393425708
Guinea,GIN,2040,0.35446398
Guinea,GIN,2045,0.318477834
Guinea,GIN,2050,0.285087592
Guyana,GUY,1970,0.053036208
Guyana,GUY,1975,0.045978707
Guyana,GUY,1980,0.040294682
Guyana,GUY,1985,0.036336051
Guyana,GUY,1990,0.033130431
Guyana,GUY,1995,0.029941857
Guyana,GUY,2000,0.026685944
Guyana,GUY,2005,0.029593188
Guyana,GUY,2010,0.03169714
Guyana,GUY,2015,0.026875864
Guyana,GUY,2020,0.022757233
Guyana,GUY,2025,0.019654104
Guyana,GUY,2030,0.01692923
Guyana,GUY,2035,0.014152498
Guyana,GUY,2040,0.011448558
Guyana,GUY,2045,0.009020674
Guyana,GUY,2050,0.007000737
Haiti,HTI,1970,0.705318721
Haiti,HTI,1975,0.659767857
Haiti,HTI,1980,0.607957571
Haiti,HTI,1985,0.544806985
Haiti,HTI,1990,0.485543034
Haiti,HTI,1995,0.412373059
Haiti,HTI,2000,0.340428821
Haiti,HTI,2005,0.281750368
Haiti,HTI,2010,0.23493496
Haiti,HTI,2015,0.195746314
Haiti,HTI,2020,0.162774574
Haiti,HTI,2025,0.134616413
Haiti,HTI,2030,0.110847275
Haiti,HTI,2035,0.090969221
Haiti,HTI,2040,0.074253736
Haiti,HTI,2045,0.060079049
Haiti,HTI,2050,0.048133322
Honduras,HND,1970,0.477021872
Honduras,HND,1975,0.420981347
Honduras,HND,1980,0.368718902
Honduras,HND,1985,0.31983523
Honduras,HND,1990,0.279048583
Honduras,HND,1995,0.243357351
Honduras,HND,2000,0.212252108
Honduras,HND,2005,0.183744093
Honduras,HND,2010,0.157465046
Honduras,HND,2015,0.135068442
Honduras,HND,2020,0.116194728
Honduras,HND,2025,0.099920641
Honduras,HND,2030,0.085925822
Honduras,HND,2035,0.073955622
Honduras,HND,2040,0.063730745
Honduras,HND,2045,0.054920832
Honduras,HND,2050,0.047210948
Hong Kong,HKG,1970,0.26485709
Hong Kong,HKG,1975,0.214623044
Hong Kong,HKG,1980,0.163880299
Hong Kong,HKG,1985,0.130685075
Hong Kong,HKG,1990,0.102091683
Hong Kong,HKG,1995,0.077994347
Hong Kong,HKG,2000,0.059851645
Hong Kong,HKG,2005,0.047671502
Hong Kong,HKG,2010,0.036469499
Hong Kong,HKG,2015,0.027145988
Hong Kong,HKG,2020,0.01977077
Hong Kong,HKG,2025,0.014115306
Hong Kong,HKG,2030,0.010026862
Hong Kong,HKG,2035,0.007135608
Hong Kong,HKG,2040,0.005066654
Hong Kong,HKG,2045,0.003512369
Hong Kong,HKG,2050,0.002287646
Hungary,HUN,1970,0.050715899
Hungary,HUN,1975,0.041049817
Hungary,HUN,1980,0.03370041
Hungary,HUN,1985,0.026508891
Hungary,HUN,1990,0.020887424
Hungary,HUN,1995,0.01655468
Hungary,HUN,2000,0.013870019
Hungary,HUN,2005,0.012037708
Hungary,HUN,2010,0.010376878
Hungary,HUN,2015,0.008970866
Hungary,HUN,2020,0.007701339
Hungary,HUN,2025,0.006558687
Hungary,HUN,2030,0.005579447
Hungary,HUN,2035,0.004731634
Hungary,HUN,2040,0.003974022
Hungary,HUN,2045,0.003286497
Hungary,HUN,2050,0.002660919
India,IND,1970,0.625368612
India,IND,1975,0.593554146
India,IND,1980,0.563377664
India,IND,1985,0.53271858
India,IND,1990,0.498398726
India,IND,1995,0.457504214
India,IND,2000,0.413445464
India,IND,2005,0.372959735
India,IND,2010,0.334392988
India,IND,2015,0.299222128
India,IND,2020,0.26706188
India,IND,2025,0.237448242
India,IND,2030,0.210214454
India,IND,2035,0.185169977
India,IND,2040,0.162199339
India,IND,2045,0.141088307
India,IND,2050,0.121625165
Indonesia,IDN,1970,0.402464936
Indonesia,IDN,1975,0.337488845
Indonesia,IDN,1980,0.276832932
Indonesia,IDN,1985,0.221934857
Indonesia,IDN,1990,0.176166855
Indonesia,IDN,1995,0.138792706
Indonesia,IDN,2000,0.109529866
Indonesia,IDN,2005,0.08606597
Indonesia,IDN,2010,0.066920779
Indonesia,IDN,2015,0.051208969
Indonesia,IDN,2020,0.038529715
Indonesia,IDN,2025,0.028781907
Indonesia,IDN,2030,0.021382958
Indonesia,IDN,2035,0.015759306
Indonesia,IDN,2040,0.011395624
Indonesia,IDN,2045,0.008029466
Indonesia,IDN,2050,0.005493908
Iran,IRN,1970,0.62599261
Iran,IRN,1975,0.563357295
Iran,IRN,1980,0.481275473
Iran,IRN,1985,0.403187574
Iran,IRN,1990,0.333721168
Iran,IRN,1995,0.273343392
Iran,IRN,2000,0.213655441
Iran,IRN,2005,0.168316931
Iran,IRN,2010,0.135103075
Iran,IRN,2015,0.112162244
Iran,IRN,2020,0.092142918
Iran,IRN,2025,0.074249335
Iran,IRN,2030,0.05901431
Iran,IRN,2035,0.046589092
Iran,IRN,2040,0.036578816
Iran,IRN,2045,0.02841104
Iran,IRN,2050,0.02172341
Ireland,IRL,1970,0.011557383
Ireland,IRL,1975,0.010400839
Ireland,IRL,1980,0.009380436
Ireland,IRL,1985,0.0084442
Ireland,IRL,1990,0.007772576
Ireland,IRL,1995,0.00686682
Ireland,IRL,2000,0.005989391
Ireland,IRL,2005,0.005047504
Ireland,IRL,2010,0.004221002
Ireland,IRL,2015,0.003570939
Ireland,IRL,2020,0.002974291
Ireland,IRL,2025,0.002452315
Ireland,IRL,2030,0.00200083
Ireland,IRL,2035,0.001619041
Ireland,IRL,2040,0.001296812
Ireland,IRL,2045,0.001020067
Ireland,IRL,2050,0.000780318
Italy,ITA,1970,0.218558728
Italy,ITA,1975,0.185504493
Italy,ITA,1980,0.153713402
Italy,ITA,1985,0.12469847
Italy,ITA,1990,0.103862066
Italy,ITA,1995,0.084074721
Italy,ITA,2000,0.06848169
Italy,ITA,2005,0.056350377
Italy,ITA,2010,0.04472243
Italy,ITA,2015,0.03466205
Italy,ITA,2020,0.026176511
Italy,ITA,2025,0.019437931
Italy,ITA,2030,0.014457891
Italy,ITA,2035,0.010913152
Italy,ITA,2040,0.008359577
Italy,ITA,2045,0.006414999
Italy,ITA,2050,0.004827478
Japan,JPN,1970,0.000876205
Japan,JPN,1975,0.000424517
Japan,JPN,1980,0.00022799
Japan,JPN,1985,0.00010609
Japan,JPN,1990,0.0000378
Japan,JPN,1995,0.00000169
Jordan,JOR,1970,0.356429645
Jordan,JOR,1975,0.296205991
Jordan,JOR,1980,0.24390415
Jordan,JOR,1985,0.195943017
Jordan,JOR,1990,0.147829317
Jordan,JOR,1995,0.104056052
Jordan,JOR,2000,0.080528478
Jordan,JOR,2005,0.064311205
Jordan,JOR,2010,0.052241758
Jordan,JOR,2015,0.040632141
Jordan,JOR,2020,0.031328512
Jordan,JOR,2025,0.023829269
Jordan,JOR,2030,0.018086775
Jordan,JOR,2035,0.013669826
Jordan,JOR,2040,0.01020225
Jordan,JOR,2045,0.00744339
Jordan,JOR,2050,0.005242431
Kazakhstan,KAZ,1970,0.040511875
Kazakhstan,KAZ,1975,0.032010504
Kazakhstan,KAZ,1980,0.025263207
Kazakhstan,KAZ,1985,0.020144061
Kazakhstan,KAZ,1990,0.016096538
Kazakhstan,KAZ,1995,0.012921867
Kazakhstan,KAZ,2000,0.009855222
Kazakhstan,KAZ,2005,0.00733786
Kazakhstan,KAZ,2010,0.00546549
Kazakhstan,KAZ,2015,0.004134164
Kazakhstan,KAZ,2020,0.00310456
Kazakhstan,KAZ,2025,0.002312866
Kazakhstan,KAZ,2030,0.001766982
Kazakhstan,KAZ,2035,0.001393825
Kazakhstan,KAZ,2040,0.001125567
Kazakhstan,KAZ,2045,0.000914086
Kazakhstan,KAZ,2050,0.000731696
Kenya,KEN,1970,0.509244232
Kenya,KEN,1975,0.432931568
Kenya,KEN,1980,0.355479727
Kenya,KEN,1985,0.289858799
Kenya,KEN,1990,0.234909279
Kenya,KEN,1995,0.188810453
Kenya,KEN,2000,0.154616683
Kenya,KEN,2005,0.125748837
Kenya,KEN,2010,0.102917424
Kenya,KEN,2015,0.083302102
Kenya,KEN,2020,0.066405958
Kenya,KEN,2025,0.052310428
Kenya,KEN,2030,0.041278859
Kenya,KEN,2035,0.032750325
Kenya,KEN,2040,0.026058502
Kenya,KEN,2045,0.020726971
Kenya,KEN,2050,0.016452144
Kyrgyzstan,KGZ,1970,0.080817249
Kyrgyzstan,KGZ,1975,0.060895572
Kyrgyzstan,KGZ,1980,0.045917582
Kyrgyzstan,KGZ,1985,0.035354289
Kyrgyzstan,KGZ,1990,0.026301869
Kyrgyzstan,KGZ,1995,0.019337014
Kyrgyzstan,KGZ,2000,0.014054968
Kyrgyzstan,KGZ,2005,0.010211252
Kyrgyzstan,KGZ,2010,0.007398602
Kyrgyzstan,KGZ,2015,0.005449175
Kyrgyzstan,KGZ,2020,0.004136273
Kyrgyzstan,KGZ,2025,0.00321702
Kyrgyzstan,KGZ,2030,0.002575951
Kyrgyzstan,KGZ,2035,0.002102032
Kyrgyzstan,KGZ,2040,0.001720698
Kyrgyzstan,KGZ,2045,0.001388249
Kyrgyzstan,KGZ,2050,0.001084603
Laos,LAO,1970,0.629989279
Laos,LAO,1975,0.565167193
Laos,LAO,1980,0.51215006
Laos,LAO,1985,0.460872881
Laos,LAO,1990,0.419545519
Laos,LAO,1995,0.379731112
Laos,LAO,2000,0.333480574
Laos,LAO,2005,0.2900097
Laos,LAO,2010,0.249901401
Laos,LAO,2015,0.217648999
Laos,LAO,2020,0.191556004
Laos,LAO,2025,0.168035014
Laos,LAO,2030,0.146856436
Laos,LAO,2035,0.127842557
Laos,LAO,2040,0.111067449
Laos,LAO,2045,0.09621098
Laos,LAO,2050,0.08285154
Latvia,LVA,1970,0.00000102
Latvia,LVA,1975,5.98e-7
Latvia,LVA,1980,2.94e-7
Latvia,LVA,1985,1.34e-7
Latvia,LVA,1990,4.37e-8
Latvia,LVA,1995,6.14e-9
Latvia,LVA,2000,7.16e-10
Lithuania,LTU,1970,0.008809613
Lithuania,LTU,1975,0.00770806
Lithuania,LTU,1980,0.006716558
Lithuania,LTU,1985,0.005950505
Lithuania,LTU,1990,0.00537416
Lithuania,LTU,1995,0.004890213
Lithuania,LTU,2000,0.004390184
Lithuania,LTU,2005,0.003820808
Lithuania,LTU,2010,0.003303889
Lithuania,LTU,2015,0.002871576
Lithuania,LTU,2020,0.002506735
Lithuania,LTU,2025,0.002177636
Lithuania,LTU,2030,0.0018871
Lithuania,LTU,2035,0.001635216
Lithuania,LTU,2040,0.001411906
Lithuania,LTU,2045,0.001202525
Lithuania,LTU,2050,0.000996348
Luxembourg,LUX,1970,0.00000107
Luxembourg,LUX,1975,5.88e-7
Luxembourg,LUX,1980,2.9e-7
Luxembourg,LUX,1985,1.32e-7
Luxembourg,LUX,1990,4.88e-8
Luxembourg,LUX,1995,1.25e-9
Luxembourg,LUX,2000,1.97e-10
Macedonia,MKD,1970,0.138921748
Macedonia,MKD,1975,0.110819667
Macedonia,MKD,1980,0.088738837
Macedonia,MKD,1985,0.071243104
Macedonia,MKD,1990,0.055753113
Macedonia,MKD,1995,0.043718416
Macedonia,MKD,2000,0.034302114
Macedonia,MKD,2005,0.026985981
Macedonia,MKD,2010,0.021207853
Macedonia,MKD,2015,0.016912537
Macedonia,MKD,2020,0.01373998
Macedonia,MKD,2025,0.011413659
Macedonia,MKD,2030,0.009630943
Macedonia,MKD,2035,0.008215131
Macedonia,MKD,2040,0.007031353
Macedonia,MKD,2045,0.005981675
Macedonia,MKD,2050,0.005005954
Madagascar,MDG,1970,0.435896369
Madagascar,MDG,1975,0.389024519
Madagascar,MDG,1980,0.343500999
Madagascar,MDG,1985,0.298648308
Madagascar,MDG,1990,0.271303837
Madagascar,MDG,1995,0.252657349
Madagascar,MDG,2000,0.235495043
Madagascar,MDG,2005,0.216651268
Madagascar,MDG,2010,0.196756337
Madagascar,MDG,2015,0.176833773
Madagascar,MDG,2020,0.15793966
Madagascar,MDG,2025,0.140358903
Madagascar,MDG,2030,0.124245909
Madagascar,MDG,2035,0.10958431
Madagascar,MDG,2040,0.096234651
Madagascar,MDG,2045,0.084038675
Madagascar,MDG,2050,0.072857563
Malawi,MWI,1970,0.585391904
Malawi,MWI,1975,0.553645993
Malawi,MWI,1980,0.51781349
Malawi,MWI,1985,0.476960224
Malawi,MWI,1990,0.437181646
Malawi,MWI,1995,0.393674928
Malawi,MWI,2000,0.339692252
Malawi,MWI,2005,0.288737591
Malawi,MWI,2010,0.240588348
Malawi,MWI,2015,0.198558775
Malawi,MWI,2020,0.163680002
Malawi,MWI,2025,0.134845317
Malawi,MWI,2030,0.110553676
Malawi,MWI,2035,0.090107083
Malawi,MWI,2040,0.073114899
Malawi,MWI,2045,0.059117785
Malawi,MWI,2050,0.047670811
Malaysia,MYS,1970,0.413544851
Malaysia,MYS,1975,0.340585556
Malaysia,MYS,1980,0.277585427
Malaysia,MYS,1985,0.227341015
Malaysia,MYS,1990,0.183960271
Malaysia,MYS,1995,0.147520085
Malaysia,MYS,2000,0.115614444
Malaysia,MYS,2005,0.092805285
Malaysia,MYS,2010,0.074334815
Malaysia,MYS,2015,0.059467624
Malaysia,MYS,2020,0.047278573
Malaysia,MYS,2025,0.037464372
Malaysia,MYS,2030,0.029574534
Malaysia,MYS,2035,0.023269749
Malaysia,MYS,2040,0.018205276
Malaysia,MYS,2045,0.014099477
Malaysia,MYS,2050,0.010715507
Maldives,MDV,1970,0.802042152
Maldives,MDV,1975,0.754118863
Maldives,MDV,1980,0.701154256
Maldives,MDV,1985,0.620156996
Maldives,MDV,1990,0.523907751
Maldives,MDV,1995,0.422340389
Maldives,MDV,2000,0.325708421
Maldives,MDV,2005,0.249335237
Maldives,MDV,2020,0.127120577
Maldives,MDV,2025,0.100055962
Maldives,MDV,2030,0.076671721
Maldives,MDV,2035,0.057050489
Maldives,MDV,2040,0.040914963
Maldives,MDV,2045,0.027893813
Maldives,MDV,2050,0.017848289
Mali,MLI,1970,0.934025664
Mali,MLI,1975,0.902540605
Mali,MLI,1980,0.870859061
Mali,MLI,1985,0.843408615
Mali,MLI,1990,0.820372232
Mali,MLI,1995,0.798609325
Mali,MLI,2000,0.76598316
Mali,MLI,2005,0.72926079
Mali,MLI,2010,0.68823101
Mali,MLI,2015,0.643176815
Mali,MLI,2020,0.596250326
Mali,MLI,2025,0.547103098
Mali,MLI,2030,0.499294005
Mali,MLI,2035,0.45402188
Mali,MLI,2040,0.411926692
Mali,MLI,2045,0.373143587
Mali,MLI,2050,0.337344698
Malta,MLT,1970,8.2e-7
Malta,MLT,1975,4.25e-7
Malta,MLT,1980,2e-7
Malta,MLT,1985,8.74e-8
Malta,MLT,1990,2.93e-8
Malta,MLT,1995,4.11e-9
Malta,MLT,2000,6.8e-10
Mauritania,MRT,1970,0.881508782
Mauritania,MRT,1975,0.85325151
Mauritania,MRT,1980,0.812612649
Mauritania,MRT,1985,0.759016724
Mauritania,MRT,1990,0.689097436
Mauritania,MRT,1995,0.626348198
Mauritania,MRT,2000,0.562805118
Mauritania,MRT,2005,0.502908503
Mauritania,MRT,2010,0.449390887
Mauritania,MRT,2015,0.399813935
Mauritania,MRT,2020,0.353860971
Mauritania,MRT,2025,0.31239326
Mauritania,MRT,2030,0.275416415
Mauritania,MRT,2035,0.242071168
Mauritania,MRT,2040,0.211727443
Mauritania,MRT,2045,0.184113397
Mauritania,MRT,2050,0.159302023
Mauritius,MUS,1970,0.306040775
Mauritius,MUS,1975,0.25527941
Mauritius,MUS,1980,0.210619314
Mauritius,MUS,1985,0.173795639
Mauritius,MUS,1990,0.144231767
Mauritius,MUS,1995,0.116512079
Mauritius,MUS,2000,0.09471954
Mauritius,MUS,2005,0.076582208
Mauritius,MUS,2010,0.060255224
Mauritius,MUS,2015,0.04702395
Mauritius,MUS,2020,0.036162771
Mauritius,MUS,2025,0.027255287
Mauritius,MUS,2030,0.02008317
Mauritius,MUS,2035,0.014432666
Mauritius,MUS,2040,0.010101664
Mauritius,MUS,2045,0.006892457
Mauritius,MUS,2050,0.004598516
Mexico,MEX,1970,0.319540197
Mexico,MEX,1975,0.268071487
Mexico,MEX,1980,0.223245727
Mexico,MEX,1985,0.184244894
Mexico,MEX,1990,0.150812588
Mexico,MEX,1995,0.124987999
Mexico,MEX,2000,0.1040426
Mexico,MEX,2005,0.088263792
Mexico,MEX,2010,0.073135323
Mexico,MEX,2015,0.060463413
Mexico,MEX,2020,0.049761248
Mexico,MEX,2025,0.040826242
Mexico,MEX,2030,0.033337139
Mexico,MEX,2035,0.027073599
Mexico,MEX,2040,0.021779673
Mexico,MEX,2045,0.017326658
Mexico,MEX,2050,0.013618545
Montenegro,MNE,1970,0.197625262
Montenegro,MNE,1975,0.155166929
Montenegro,MNE,1980,0.120121838
Montenegro,MNE,1985,0.092735293
Montenegro,MNE,1990,0.076810711
Montenegro,MNE,1995,0.057792417
Montenegro,MNE,2000,0.054445344
Montenegro,MNE,2005,0.050891717
Montenegro,MNE,2010,0.047132439
Montenegro,MNE,2015,0.043771871
Montenegro,MNE,2020,0.04074939
Montenegro,MNE,2025,0.038016167
Montenegro,MNE,2030,0.035416517
Montenegro,MNE,2035,0.032991735
Montenegro,MNE,2040,0.030707962
Montenegro,MNE,2045,0.028410938
Montenegro,MNE,2050,0.025937452
Morocco,MAR,1970,0.8213315
Morocco,MAR,1975,0.761140745
Morocco,MAR,1980,0.71176915
Morocco,MAR,1985,0.644764814
Morocco,MAR,1990,0.581462281
Morocco,MAR,1995,0.52495004
Morocco,MAR,2000,0.461147219
Morocco,MAR,2005,0.407652172
Morocco,MAR,2010,0.360485377
Morocco,MAR,2015,0.319665635
Morocco,MAR,2020,0.283360986
Morocco,MAR,2025,0.24909897
Morocco,MAR,2030,0.217268519
Morocco,MAR,2035,0.188271038
Morocco,MAR,2040,0.161973332
Morocco,MAR,2045,0.138125993
Morocco,MAR,2050,0.116611698
Mozambique,MOZ,1970,0.667080216
Mozambique,MOZ,1975,0.603331711
Mozambique,MOZ,1980,0.541376949
Mozambique,MOZ,1985,0.496541699
Mozambique,MOZ,1990,0.467141288
Mozambique,MOZ,1995,0.414118713
Mozambique,MOZ,2000,0.360216834
Mozambique,MOZ,2005,0.310577238
Mozambique,MOZ,2010,0.262719708
Mozambique,MOZ,2015,0.218669414
Mozambique,MOZ,2020,0.179611056
Mozambique,MOZ,2025,0.147695122
Mozambique,MOZ,2030,0.1216552
Mozambique,MOZ,2035,0.100046489
Mozambique,MOZ,2040,0.081993328
Mozambique,MOZ,2045,0.066879153
Mozambique,MOZ,2050,0.054259198
Myanmar,MMR,1970,0.332021085
Myanmar,MMR,1975,0.305924389
Myanmar,MMR,1980,0.281421775
Myanmar,MMR,1985,0.255423421
Myanmar,MMR,1990,0.230697212
Myanmar,MMR,1995,0.206991755
Myanmar,MMR,2000,0.185657814
Myanmar,MMR,2005,0.166016614
Myanmar,MMR,2010,0.148156655
Myanmar,MMR,2015,0.132060615
Myanmar,MMR,2020,0.117608852
Myanmar,MMR,2025,0.104206328
Myanmar,MMR,2030,0.091916407
Myanmar,MMR,2035,0.08047264
Myanmar,MMR,2040,0.069721883
Myanmar,MMR,2045,0.059649845
Myanmar,MMR,2050,0.050248532
Namibia,NAM,1970,3.57e-7
Namibia,NAM,1975,1.7e-7
Namibia,NAM,1980,6.5e-8
Namibia,NAM,1985,2.13e-8
Namibia,NAM,1990,4.18e-9
Namibia,NAM,1995,3.24e-10
Namibia,NAM,2000,2.39e-11
Nepal,NPL,1970,0.872052303
Nepal,NPL,1975,0.833337034
Nepal,NPL,1980,0.789346006
Nepal,NPL,1985,0.740838772
Nepal,NPL,1990,0.685160559
Nepal,NPL,1995,0.622719467
Nepal,NPL,2000,0.548607956
Nepal,NPL,2005,0.47996131
Nepal,NPL,2010,0.416592108
Nepal,NPL,2015,0.361621746
Nepal,NPL,2020,0.314864925
Nepal,NPL,2025,0.272969766
Nepal,NPL,2030,0.235195337
Nepal,NPL,2035,0.201374803
Nepal,NPL,2040,0.171411455
Nepal,NPL,2045,0.145213575
Nepal,NPL,2050,0.122174596
Netherlands,NLD,1970,0.00000103
Netherlands,NLD,1975,6.08e-7
Netherlands,NLD,1980,3.22e-7
Netherlands,NLD,1985,1.54e-7
Netherlands,NLD,1990,5.79e-8
Netherlands,NLD,1995,8.65e-9
Netherlands,NLD,2000,1.38e-9
New Zealand,NZL,1970,4.74e-7
New Zealand,NZL,1975,2.16e-7
New Zealand,NZL,1980,1.01e-7
New Zealand,NZL,1985,3.82e-8
New Zealand,NZL,1990,1e-8
New Zealand,NZL,1995,1.17e-9
Nicaragua,NIC,1970,2.65e-7
Nicaragua,NIC,1975,1.32e-7
Nicaragua,NIC,1980,5.68e-8
Nicaragua,NIC,1985,2.45e-8
Nicaragua,NIC,1990,7.04e-9
Nicaragua,NIC,1995,5.37e-10
Nicaragua,NIC,2000,6.06e-11
Niger,NER,1970,0.976062653
Niger,NER,1975,0.959988685
Niger,NER,1980,0.944323081
Niger,NER,1985,0.915932605
Niger,NER,1990,0.886813256
Niger,NER,1995,0.849866806
Niger,NER,2000,0.819881157
Niger,NER,2005,0.779181896
Niger,NER,2010,0.735921201
Niger,NER,2015,0.689806947
Niger,NER,2020,0.641444883
Niger,NER,2025,0.591752979
Niger,NER,2030,0.541630296
Niger,NER,2035,0.492111843
Niger,NER,2040,0.444227722
Niger,NER,2045,0.398929425
Niger,NER,2050,0.357009092
Nigeria,NGA,1970,0.745071128
Nigeria,NGA,1975,0.693881717
Nigeria,NGA,1980,0.630835414
Nigeria,NGA,1985,0.574111533
Nigeria,NGA,1990,0.515822238
Nigeria,NGA,1995,0.454427302
Nigeria,NGA,2000,0.397729768
Nigeria,NGA,2005,0.346510355
Nigeria,NGA,2010,0.29921087
Nigeria,NGA,2015,0.256942542
Nigeria,NGA,2020,0.219472075
Nigeria,NGA,2025,0.186890055
Nigeria,NGA,2030,0.158853176
Nigeria,NGA,2035,0.134928182
Nigeria,NGA,2040,0.114535542
Nigeria,NGA,2045,0.09702998
Nigeria,NGA,2050,0.081886288
Norway,NOR,1970,0.004729364
Norway,NOR,1975,0.004368259
Norway,NOR,1980,0.004024581
Norway,NOR,1985,0.003653413
Norway,NOR,1990,0.003285507
Norway,NOR,1995,0.002940753
Norway,NOR,2000,0.002599147
Norway,NOR,2005,0.002263221
Norway,NOR,2010,0.001934934
Norway,NOR,2015,0.001632866
Norway,NOR,2020,0.001354773
Norway,NOR,2025,0.001089671
Norway,NOR,2030,0.000843789
Norway,NOR,2035,0.000621307
Norway,NOR,2040,0.00043125
Norway,NOR,2045,0.000281787
Norway,NOR,2050,0.000173747
Pakistan,PAK,1970,0.771354558
Pakistan,PAK,1975,0.737865045
Pakistan,PAK,1980,0.700135505
Pakistan,PAK,1985,0.662106346
Pakistan,PAK,1990,0.621274385
Pakistan,PAK,1995,0.571598495
Pakistan,PAK,2000,0.518542226
Pakistan,PAK,2005,0.466363248
Pakistan,PAK,2010,0.420777398
Pakistan,PAK,2015,0.380565465
Pakistan,PAK,2020,0.345810585
Pakistan,PAK,2025,0.311374179
Pakistan,PAK,2030,0.278043561
Pakistan,PAK,2035,0.247092898
Pakistan,PAK,2040,0.219074126
Pakistan,PAK,2045,0.193598837
Pakistan,PAK,2050,0.169955944
Panama,PAN,1970,0.209446222
Panama,PAN,1975,0.177289241
Panama,PAN,1980,0.147394687
Panama,PAN,1985,0.122676588
Panama,PAN,1990,0.10416863
Panama,PAN,1995,0.088746485
Panama,PAN,2000,0.07577367
Panama,PAN,2005,0.064772901
Panama,PAN,2010,0.055116954
Panama,PAN,2015,0.046422883
Panama,PAN,2020,0.038799272
Panama,PAN,2025,0.032269578
Panama,PAN,2030,0.026731911
Panama,PAN,2035,0.022048131
Panama,PAN,2040,0.018100082
Panama,PAN,2045,0.014778134
Panama,PAN,2050,0.011965315
Paraguay,PRY,1970,0.174562322
Paraguay,PRY,1975,0.146185869
Paraguay,PRY,1980,0.121474687
Paraguay,PRY,1985,0.099270214
Paraguay,PRY,1990,0.080868627
Paraguay,PRY,1995,0.068576445
Paraguay,PRY,2000,0.056299776
Paraguay,PRY,2005,0.046144624
Paraguay,PRY,2010,0.037562103
Paraguay,PRY,2015,0.030542626
Paraguay,PRY,2020,0.024825688
Paraguay,PRY,2025,0.020155249
Paraguay,PRY,2030,0.016324862
Paraguay,PRY,2035,0.013166309
Paraguay,PRY,2040,0.01054631
Paraguay,PRY,2045,0.008342769
Paraguay,PRY,2050,0.006500506
Peru,PER,1970,0.248947643
Peru,PER,1975,0.206246875
Peru,PER,1980,0.168270391
Peru,PER,1985,0.135588687
Peru,PER,1990,0.108195291
Peru,PER,1995,0.087309637
Peru,PER,2000,0.07023774
Peru,PER,2005,0.056285549
Peru,PER,2010,0.044001389
Peru,PER,2015,0.034224262
Peru,PER,2020,0.02649584
Peru,PER,2025,0.02024691
Peru,PER,2030,0.015317692
Peru,PER,2035,0.011494398
Peru,PER,2040,0.008553916
Peru,PER,2045,0.00627987
Peru,PER,2050,0.004513896
Philippines,PHL,1970,0.115110387
Philippines,PHL,1975,0.090234673
Philippines,PHL,1980,0.071637202
Philippines,PHL,1985,0.056888278
Philippines,PHL,1990,0.045541845
Philippines,PHL,1995,0.036497816
Philippines,PHL,2000,0.030288975
Philippines,PHL,2005,0.025068971
Philippines,PHL,2010,0.0206372
Philippines,PHL,2015,0.016983205
Philippines,PHL,2020,0.013911607
Philippines,PHL,2025,0.011412448
Philippines,PHL,2030,0.009398004
Philippines,PHL,2035,0.007739439
Philippines,PHL,2040,0.006345013
Philippines,PHL,2045,0.005160866
Philippines,PHL,2050,0.004143287
Poland,POL,1970,0.134105954
Poland,POL,1975,0.105143112
Poland,POL,1980,0.083421917
Poland,POL,1985,0.064220049
Poland,POL,1990,0.047772311
Poland,POL,1995,0.034271698
Poland,POL,2000,0.028085092
Poland,POL,2005,0.023242711
Poland,POL,2010,0.01927963
Poland,POL,2015,0.01616943
Poland,POL,2020,0.013962193
Poland,POL,2025,0.012534104
Poland,POL,2030,0.01170402
Poland,POL,2035,0.011242872
Poland,POL,2040,0.010954425
Poland,POL,2045,0.010693044
Poland,POL,2050,0.010339945
Portugal,PRT,1970,0.306643325
Portugal,PRT,1975,0.256657682
Portugal,PRT,1980,0.206681859
Portugal,PRT,1985,0.178509971
Portugal,PRT,1990,0.14622498
Portugal,PRT,1995,0.116717123
Portugal,PRT,2000,0.091244543
Portugal,PRT,2005,0.071878487
Portugal,PRT,2010,0.055053763
Portugal,PRT,2015,0.040738607
Portugal,PRT,2020,0.029225764
Portugal,PRT,2025,0.020722503
Portugal,PRT,2030,0.014828314
Portugal,PRT,2035,0.010957402
Portugal,PRT,2040,0.00834981
Portugal,PRT,2045,0.006383384
Portugal,PRT,2050,0.004707149
Romania,ROU,1970,0.146908244
Romania,ROU,1975,0.120475959
Romania,ROU,1980,0.099376025
Romania,ROU,1985,0.078270392
Romania,ROU,1990,0.062528417
Romania,ROU,1995,0.051522751
Romania,ROU,2000,0.042969319
Romania,ROU,2005,0.035612718
Romania,ROU,2010,0.029850249
Romania,ROU,2015,0.025110035
Romania,ROU,2020,0.021404387
Romania,ROU,2025,0.018691381
Romania,ROU,2030,0.016805123
Romania,ROU,2035,0.015460734
Romania,ROU,2040,0.014360971
Romania,ROU,2045,0.013280589
Romania,ROU,2050,0.012074287
Russia,RUS,1970,6.45e-7
Russia,RUS,1975,3.62e-7
Russia,RUS,1980,1.79e-7
Russia,RUS,1985,7.54e-8
Russia,RUS,1990,2.22e-8
Russia,RUS,1995,2.65e-9
Russia,RUS,2000,2.32e-10
Rwanda,RWA,1970,0.677496216
Rwanda,RWA,1975,0.622190112
Rwanda,RWA,1980,0.568141268
Rwanda,RWA,1985,0.514559635
Rwanda,RWA,1990,0.453116325
Rwanda,RWA,1995,0.389754269
Rwanda,RWA,2000,0.321346528
Rwanda,RWA,2005,0.262755509
Rwanda,RWA,2010,0.221344828
Rwanda,RWA,2015,0.18769395
Rwanda,RWA,2020,0.157601046
Rwanda,RWA,2025,0.130052891
Rwanda,RWA,2030,0.106567006
Rwanda,RWA,2035,0.087425754
Rwanda,RWA,2040,0.072176669
Rwanda,RWA,2045,0.059713292
Rwanda,RWA,2050,0.049181625
Saudi Arabia,SAU,1970,0.672393811
Saudi Arabia,SAU,1975,0.583903785
Saudi Arabia,SAU,1980,0.484307343
Saudi Arabia,SAU,1985,0.382138889
Saudi Arabia,SAU,1990,0.307835684
Saudi Arabia,SAU,1995,0.245974435
Saudi Arabia,SAU,2000,0.196046715
Saudi Arabia,SAU,2005,0.157745093
Saudi Arabia,SAU,2010,0.128782942
Saudi Arabia,SAU,2015,0.105571695
Saudi Arabia,SAU,2020,0.085913999
Saudi Arabia,SAU,2025,0.069210495
Saudi Arabia,SAU,2030,0.05515139
Saudi Arabia,SAU,2035,0.04331626
Saudi Arabia,SAU,2040,0.033607865
Saudi Arabia,SAU,2045,0.025681738
Saudi Arabia,SAU,2050,0.019236471
Singapore,SGP,1970,0.491757834
Singapore,SGP,1975,0.409089734
Singapore,SGP,1980,0.341544367
Singapore,SGP,1985,0.294905736
Singapore,SGP,1990,0.240040631
Singapore,SGP,1995,0.207376596
Singapore,SGP,2000,0.178056706
Singapore,SGP,2005,0.155836648
Singapore,SGP,2010,0.133174579
Singapore,SGP,2015,0.113279332
Singapore,SGP,2020,0.09582053
Singapore,SGP,2025,0.079862993
Singapore,SGP,2030,0.065159673
Singapore,SGP,2035,0.05168948
Singapore,SGP,2040,0.039649568
Singapore,SGP,2045,0.029380936
Singapore,SGP,2050,0.020896997
Slovakia,SVK,1970,0.003997552
Slovakia,SVK,1975,0.003784114
Slovakia,SVK,1980,0.003637429
Slovakia,SVK,1985,0.003484424
Slovakia,SVK,1990,0.003401285
Slovakia,SVK,1995,0.003296129
Slovakia,SVK,2000,0.003331034
Slovakia,SVK,2005,0.003189487
Slovakia,SVK,2010,0.002973176
Slovakia,SVK,2015,0.002762112
Slovakia,SVK,2020,0.002559487
Slovakia,SVK,2025,0.002351454
Slovakia,SVK,2030,0.002147644
Slovakia,SVK,2035,0.001947475
Slovakia,SVK,2040,0.001749173
Slovakia,SVK,2045,0.001546667
Slovakia,SVK,2050,0.001334354
Slovenia,SVN,1970,0.011467525
Slovenia,SVN,1975,0.010321169
Slovenia,SVN,1980,0.009190724
Slovenia,SVN,1985,0.008163621
Slovenia,SVN,1990,0.007221936
Slovenia,SVN,1995,0.006445179
Slovenia,SVN,2000,0.005853112
Slovenia,SVN,2005,0.005230192
Slovenia,SVN,2010,0.00465395
Slovenia,SVN,2015,0.004112323
Slovenia,SVN,2020,0.003608295
Slovenia,SVN,2025,0.003134304
Slovenia,SVN,2030,0.002709355
Slovenia,SVN,2035,0.00233322
Slovenia,SVN,2040,0.001998439
Slovenia,SVN,2045,0.001693118
Slovenia,SVN,2050,0.001407485
South Africa,ZAF,1970,0.401415885
South Africa,ZAF,1975,0.348946429
South Africa,ZAF,1980,0.301240213
South Africa,ZAF,1985,0.255890025
South Africa,ZAF,1990,0.216667961
South Africa,ZAF,1995,0.182999852
South Africa,ZAF,2000,0.150276933
South Africa,ZAF,2005,0.123905524
South Africa,ZAF,2010,0.100649862
South Africa,ZAF,2015,0.080761466
South Africa,ZAF,2020,0.064102165
South Africa,ZAF,2025,0.050359925
South Africa,ZAF,2030,0.039151884
South Africa,ZAF,2035,0.029960199
South Africa,ZAF,2040,0.022469554
South Africa,ZAF,2045,0.016477033
South Africa,ZAF,2050,0.011816013
South Korea,KOR,1970,0.292035996
South Korea,KOR,1975,0.219709175
South Korea,KOR,1980,0.163007621
South Korea,KOR,1985,0.127336435
South Korea,KOR,1990,0.097279071
South Korea,KOR,1995,0.075403064
South Korea,KOR,2000,0.058707768
South Korea,KOR,2005,0.045989116
South Korea,KOR,2010,0.034441977
South Korea,KOR,2015,0.025053176
South Korea,KOR,2020,0.01751812
South Korea,KOR,2025,0.011554267
South Korea,KOR,2030,0.007191647
South Korea,KOR,2035,0.004268181
South Korea,KOR,2040,0.002475768
South Korea,KOR,2045,0.001462031
South Korea,KOR,2050,0.000898829
Spain,ESP,1970,0.391027516
Spain,ESP,1975,0.342669952
Spain,ESP,1980,0.295248391
Spain,ESP,1985,0.252938868
Spain,ESP,1990,0.215023678
Spain,ESP,1995,0.181095988
Spain,ESP,2000,0.152748352
Spain,ESP,2005,0.134058135
Spain,ESP,2010,0.115392472
Spain,ESP,2015,0.097372224
Spain,ESP,2020,0.080502468
Spain,ESP,2025,0.065805986
Spain,ESP,2030,0.054018909
Spain,ESP,2035,0.044907426
Spain,ESP,2040,0.03783228
Spain,ESP,2045,0.032089761
Spain,ESP,2050,0.027152523
Sri Lanka,LKA,1970,0.161154856
Sri Lanka,LKA,1975,0.13793238
Sri Lanka,LKA,1980,0.11868443
Sri Lanka,LKA,1985,0.102725672
Sri Lanka,LKA,1990,0.086779551
Sri Lanka,LKA,1995,0.07264312
Sri Lanka,LKA,2000,0.061063805
Sri Lanka,LKA,2005,0.056664181
Sri Lanka,LKA,2010,0.048495454
Sri Lanka,LKA,2015,0.041527902
Sri Lanka,LKA,2020,0.035310334
Sri Lanka,LKA,2025,0.029801569
Sri Lanka,LKA,2030,0.024735155
Sri Lanka,LKA,2035,0.020102296
Sri Lanka,LKA,2040,0.015932094
Sri Lanka,LKA,2045,0.012269565
Sri Lanka,LKA,2050,0.009157011
Sweden,SWE,1970,0.00000128
Sweden,SWE,1975,8.05e-7
Sweden,SWE,1980,4.37e-7
Sweden,SWE,1985,2.26e-7
Sweden,SWE,1990,7.91e-8
Sweden,SWE,1995,1.2e-8
Sweden,SWE,2000,1.23e-9
Switzerland,CHE,1970,0.00000117
Switzerland,CHE,1975,6.99e-7
Switzerland,CHE,1980,3.87e-7
Switzerland,CHE,1985,1.91e-7
Switzerland,CHE,1990,7.65e-8
Switzerland,CHE,1995,1.15e-8
Switzerland,CHE,2000,1.64e-9
Syria,SYR,1970,0.49815879
Syria,SYR,1975,0.418817754
Syria,SYR,1980,0.345898027
Syria,SYR,1985,0.286740302
Syria,SYR,1990,0.23412559
Syria,SYR,1995,0.187948848
Syria,SYR,2000,0.149175828
Syria,SYR,2005,0.120248402
Syria,SYR,2010,0.098996037
Syria,SYR,2015,0.081486026
Syria,SYR,2020,0.066437991
Syria,SYR,2025,0.053706819
Syria,SYR,2030,0.043329647
Syria,SYR,2035,0.034987764
Syria,SYR,2040,0.028242818
Syria,SYR,2045,0.022717911
Syria,SYR,2050,0.018139074
Tajikistan,TJK,1970,0.038673295
Tajikistan,TJK,1975,0.029237741
Tajikistan,TJK,1980,0.021492246
Tajikistan,TJK,1985,0.016043902
Tajikistan,TJK,1990,0.012045552
Tajikistan,TJK,1995,0.00860209
Tajikistan,TJK,2000,0.006787526
Tajikistan,TJK,2005,0.005511033
Tajikistan,TJK,2010,0.004292289
Tajikistan,TJK,2015,0.003303466
Tajikistan,TJK,2020,0.002559117
Tajikistan,TJK,2025,0.002004938
Tajikistan,TJK,2030,0.001586951
Tajikistan,TJK,2035,0.001272902
Tajikistan,TJK,2040,0.001034226
Tajikistan,TJK,2045,0.000846075
Tajikistan,TJK,2050,0.000689693
Tanzania,TZA,1970,0.618947499
Tanzania,TZA,1975,0.551199496
Tanzania,TZA,1980,0.482273696
Tanzania,TZA,1985,0.415929926
Tanzania,TZA,1990,0.362676479
Tanzania,TZA,1995,0.319785465
Tanzania,TZA,2000,0.290938556
Tanzania,TZA,2005,0.261466552
Tanzania,TZA,2010,0.23311521
Tanzania,TZA,2015,0.205573281
Tanzania,TZA,2020,0.178807244
Tanzania,TZA,2025,0.15503511
Tanzania,TZA,2030,0.134385287
Tanzania,TZA,2035,0.116578883
Tanzania,TZA,2040,0.101148341
Tanzania,TZA,2045,0.087686157
Tanzania,TZA,2050,0.075895806
Thailand,THA,1970,0.316700896
Thailand,THA,1975,0.259703489
Thailand,THA,1980,0.210174796
Thailand,THA,1985,0.176341069
Thailand,THA,1990,0.146326244
Thailand,THA,1995,0.121275221
Thailand,THA,2000,0.101413606
Thailand,THA,2005,0.087573887
Thailand,THA,2010,0.074540469
Thailand,THA,2015,0.063040098
Thailand,THA,2020,0.053687859
Thailand,THA,2025,0.045622924
Thailand,THA,2030,0.038620788
Thailand,THA,2035,0.032377239
Thailand,THA,2040,0.026689734
Thailand,THA,2045,0.021512253
Thailand,THA,2050,0.01684869
Togo,TGO,1970,0.793067988
Togo,TGO,1975,0.738780764
Togo,TGO,1980,0.684023443
Togo,TGO,1985,0.620025919
Togo,TGO,1990,0.560150718
Togo,TGO,1995,0.495824303
Togo,TGO,2000,0.429244922
Togo,TGO,2005,0.36965693
Togo,TGO,2010,0.316615592
Togo,TGO,2015,0.269982953
Togo,TGO,2020,0.229125578
Togo,TGO,2025,0.194072078
Togo,TGO,2030,0.164234898
Togo,TGO,2035,0.138804629
Togo,TGO,2040,0.117016985
Togo,TGO,2045,0.098263851
Togo,TGO,2050,0.082134699
Turkey,TUR,1970,0.499543062
Turkey,TUR,1975,0.428416549
Turkey,TUR,1980,0.369003372
Turkey,TUR,1985,0.310865993
Turkey,TUR,1990,0.258594863
Turkey,TUR,1995,0.215356903
Turkey,TUR,2000,0.188477485
Turkey,TUR,2005,0.165463042
Turkey,TUR,2010,0.14397191
Turkey,TUR,2015,0.124527011
Turkey,TUR,2020,0.108034138
Turkey,TUR,2025,0.093605317
Turkey,TUR,2030,0.081026312
Turkey,TUR,2035,0.070070354
Turkey,TUR,2040,0.060506098
Turkey,TUR,2045,0.052105259
Turkey,TUR,2050,0.044596335
Turkmenistan,TKM,1970,0.166703715
Turkmenistan,TKM,1975,0.116437414
Turkmenistan,TKM,1980,0.079929329
Turkmenistan,TKM,1985,0.055582201
Turkmenistan,TKM,1990,0.037941406
Turkmenistan,TKM,1995,0.025665852
Turkmenistan,TKM,2000,0.017012893
Turkmenistan,TKM,2005,0.011002257
Turkmenistan,TKM,2010,0.0071768
Turkmenistan,TKM,2015,0.004887512
Turkmenistan,TKM,2020,0.003425229
Turkmenistan,TKM,2025,0.002492956
Turkmenistan,TKM,2030,0.001885694
Turkmenistan,TKM,2035,0.001468495
Turkmenistan,TKM,2040,0.001157364
Turkmenistan,TKM,2045,0.00090406
Turkmenistan,TKM,2050,0.000684746
Uganda,UGA,1970,0.55037598
Uganda,UGA,1975,0.485002323
Uganda,UGA,1980,0.427046186
Uganda,UGA,1985,0.367656595
Uganda,UGA,1990,0.314093427
Uganda,UGA,1995,0.264650354
Uganda,UGA,2000,0.21252846
Uganda,UGA,2005,0.167114853
Uganda,UGA,2010,0.130132308
Uganda,UGA,2015,0.10077017
Uganda,UGA,2020,0.077510787
Uganda,UGA,2025,0.058959575
Uganda,UGA,2030,0.044483827
Uganda,UGA,2035,0.033385449
Uganda,UGA,2040,0.025011513
Uganda,UGA,2045,0.018720859
Uganda,UGA,2050,0.013973327
Ukraine,UKR,1970,5.27e-7
Ukraine,UKR,1975,2.81e-7
Ukraine,UKR,1980,1.34e-7
Ukraine,UKR,1985,4.14e-8
Ukraine,UKR,1990,9.1e-9
Ukraine,UKR,1995,9.64e-10
Ukraine,UKR,2000,4.96e-11
United Kingdom,GBR,1970,0.00000118
United Kingdom,GBR,1975,7.04e-7
United Kingdom,GBR,1980,3.59e-7
United Kingdom,GBR,1985,1.78e-7
United Kingdom,GBR,1990,6.95e-8
United Kingdom,GBR,1995,1.26e-8
United Kingdom,GBR,2000,1.86e-9
United States,USA,1970,0.01774331
United States,USA,1975,0.01403187
United States,USA,1980,0.011031189
United States,USA,1985,0.0087197
United States,USA,1990,0.007018089
United States,USA,1995,0.005641581
United States,USA,2000,0.004635465
United States,USA,2005,0.003752429
United States,USA,2010,0.003043373
United States,USA,2015,0.002492241
United States,USA,2020,0.002046988
United States,USA,2025,0.001679159
United States,USA,2030,0.001364277
United States,USA,2035,0.001088299
United States,USA,2040,0.000845548
United States,USA,2045,0.000635316
United States,USA,2050,0.000459452
Uruguay,URY,1970,0.031166071
Uruguay,URY,1975,0.025161878
Uruguay,URY,1980,0.019862435
Uruguay,URY,1985,0.015892296
Uruguay,URY,1990,0.012632605
Uruguay,URY,1995,0.00984776
Uruguay,URY,2000,0.008084817
Uruguay,URY,2005,0.006577771
Uruguay,URY,2010,0.00524399
Uruguay,URY,2015,0.004176174
Uruguay,URY,2020,0.00333673
Uruguay,URY,2025,0.00268601
Uruguay,URY,2030,0.002179581
Uruguay,URY,2035,0.001780385
Uruguay,URY,2040,0.001458034
Uruguay,URY,2045,0.001187381
Uruguay,URY,2050,0.000951795
Uzbekistan,UZB,1970,0.058072673
Uzbekistan,UZB,1975,0.042883137
Uzbekistan,UZB,1980,0.031549185
Uzbekistan,UZB,1985,0.023999683
Uzbekistan,UZB,1990,0.017746722
Uzbekistan,UZB,1995,0.013266165
Uzbekistan,UZB,2000,0.00967413
Uzbekistan,UZB,2005,0.007000893
Uzbekistan,UZB,2010,0.005041034
Uzbekistan,UZB,2015,0.003723643
Uzbekistan,UZB,2020,0.002771506
Uzbekistan,UZB,2025,0.002088673
Uzbekistan,UZB,2030,0.001602107
Uzbekistan,UZB,2035,0.001255913
Uzbekistan,UZB,2040,0.000999258
Uzbekistan,UZB,2045,0.000792056
Uzbekistan,UZB,2050,0.000611841
Vietnam,VNM,1970,0.311887424
Vietnam,VNM,1975,0.247472655
Vietnam,VNM,1980,0.194959106
Vietnam,VNM,1985,0.155537239
Vietnam,VNM,1990,0.127506143
Vietnam,VNM,1995,0.106882055
Vietnam,VNM,2000,0.0902702
Vietnam,VNM,2005,0.07600411
Vietnam,VNM,2010,0.064456287
Vietnam,VNM,2015,0.055756811
Vietnam,VNM,2020,0.048452268
Vietnam,VNM,2025,0.042379654
Vietnam,VNM,2030,0.037273735
Vietnam,VNM,2035,0.032929305
Vietnam,VNM,2040,0.02908301
Vietnam,VNM,2045,0.025538715
Vietnam,VNM,2050,0.022114779
Zambia,ZMB,1970,0.430875818
Zambia,ZMB,1975,0.363394634
Zambia,ZMB,1980,0.305476838
Zambia,ZMB,1985,0.251802275
Zambia,ZMB,1990,0.209722017
Zambia,ZMB,1995,0.176770234
Zambia,ZMB,2000,0.148956839
Zambia,ZMB,2005,0.123831251
Zambia,ZMB,2010,0.100983926
Zambia,ZMB,2015,0.080820338
Zambia,ZMB,2020,0.06398968
Zambia,ZMB,2025,0.050415198
Zambia,ZMB,2030,0.039604984
Zambia,ZMB,2035,0.031165444
Zambia,ZMB,2040,0.024656336
Zambia,ZMB,2045,0.019598978
Zambia,ZMB,2050,0.01559882
Zimbabwe,ZWE,1970,0.385931149
Zimbabwe,ZWE,1975,0.32927285
Zimbabwe,ZWE,1980,0.275003213
Zimbabwe,ZWE,1985,0.216805191
Zimbabwe,ZWE,1990,0.168708362
Zimbabwe,ZWE,1995,0.130679766
Zimbabwe,ZWE,2000,0.100730607
Zimbabwe,ZWE,2005,0.075234651
Zimbabwe,ZWE,2010,0.055683439
Zimbabwe,ZWE,2015,0.041586249
Zimbabwe,ZWE,2020,0.031002791
Zimbabwe,ZWE,2025,0.02270228
Zimbabwe,ZWE,2030,0.016257871
Zimbabwe,ZWE,2035,0.011408939
Zimbabwe,ZWE,2040,0.007870072
Zimbabwe,ZWE,2045,0.005367797
Zimbabwe,ZWE,2050,0.003652465